District ID,rice,wheat
1,4,6
2,5.727777778,4.272222222
3,0,0